idcc,categorie,cible,preuve,action_recommandee
8216,agricole_absorbe,7024_ou_7025,Mentionné comme ex-IDCC dans le texte officiel de 7024/7025/7004 (série 8xxx),Retirer de idcc_list.txt
8221,agricole_absorbe,7024_ou_7025,Mentionné comme ex-IDCC dans le texte officiel de 7024/7025/7004 (série 8xxx),Retirer de idcc_list.txt
8233,agricole_absorbe,7024_ou_7025,Mentionné comme ex-IDCC dans le texte officiel de 7024/7025/7004 (série 8xxx),Retirer de idcc_list.txt
8252,agricole_absorbe,7024_ou_7025,Mentionné comme ex-IDCC dans le texte officiel de 7024/7025/7004 (série 8xxx),Retirer de idcc_list.txt
8262,agricole_absorbe,7024_ou_7025,Mentionné comme ex-IDCC dans le texte officiel de 7024/7025/7004 (série 8xxx),Retirer de idcc_list.txt
8313,agricole_absorbe,7024_ou_7025,Mentionné comme ex-IDCC dans le texte officiel de 7024/7025/7004 (série 8xxx),Retirer de idcc_list.txt
8414,agricole_absorbe,7024_ou_7025,Mentionné comme ex-IDCC dans le texte officiel de 7024/7025/7004 (série 8xxx),Retirer de idcc_list.txt
8415,agricole_absorbe,7024_ou_7025,Mentionné comme ex-IDCC dans le texte officiel de 7024/7025/7004 (série 8xxx),Retirer de idcc_list.txt
8416,agricole_absorbe,7024_ou_7025,Mentionné comme ex-IDCC dans le texte officiel de 7024/7025/7004 (série 8xxx),Retirer de idcc_list.txt
8433,agricole_absorbe,7024_ou_7025,Mentionné comme ex-IDCC dans le texte officiel de 7024/7025/7004 (série 8xxx),Retirer de idcc_list.txt
8434,agricole_absorbe,7024_ou_7025,Mentionné comme ex-IDCC dans le texte officiel de 7024/7025/7004 (série 8xxx),Retirer de idcc_list.txt
8435,agricole_absorbe,7024_ou_7025,Mentionné comme ex-IDCC dans le texte officiel de 7024/7025/7004 (série 8xxx),Retirer de idcc_list.txt
8523,agricole_absorbe,7024_ou_7025,Mentionné comme ex-IDCC dans le texte officiel de 7024/7025/7004 (série 8xxx),Retirer de idcc_list.txt
8525,agricole_absorbe,7024_ou_7025,Mentionné comme ex-IDCC dans le texte officiel de 7024/7025/7004 (série 8xxx),Retirer de idcc_list.txt
8526,agricole_absorbe,7024_ou_7025,Mentionné comme ex-IDCC dans le texte officiel de 7024/7025/7004 (série 8xxx),Retirer de idcc_list.txt
8531,agricole_absorbe,7024_ou_7025,Mentionné comme ex-IDCC dans le texte officiel de 7024/7025/7004 (série 8xxx),Retirer de idcc_list.txt
8532,agricole_absorbe,7024_ou_7025,Mentionné comme ex-IDCC dans le texte officiel de 7024/7025/7004 (série 8xxx),Retirer de idcc_list.txt
8534,agricole_absorbe,7024_ou_7025,Mentionné comme ex-IDCC dans le texte officiel de 7024/7025/7004 (série 8xxx),Retirer de idcc_list.txt
8826,agricole_absorbe,7024_ou_7025,Mentionné comme ex-IDCC dans le texte officiel de 7024/7025/7004 (série 8xxx),Retirer de idcc_list.txt
8832,agricole_absorbe,7024_ou_7025,Mentionné comme ex-IDCC dans le texte officiel de 7024/7025/7004 (série 8xxx),Retirer de idcc_list.txt
9001,agricole_absorbe,7024_ou_7025,Mentionné comme ex-IDCC dans le texte officiel de 7024/7025/7004,"Retirer de idcc_list.txt (plus d IDCC propre depuis 2021, confirmé MSA)"
9011,agricole_absorbe,7024_ou_7025,Mentionné comme ex-IDCC dans le texte officiel de 7024/7025/7004,"Retirer de idcc_list.txt (plus d IDCC propre depuis 2021, confirmé MSA)"
9021,agricole_absorbe,7024_ou_7025,Mentionné comme ex-IDCC dans le texte officiel de 7024/7025/7004,"Retirer de idcc_list.txt (plus d IDCC propre depuis 2021, confirmé MSA)"
9022,agricole_absorbe,7024_ou_7025,Mentionné comme ex-IDCC dans le texte officiel de 7024/7025/7004,"Retirer de idcc_list.txt (plus d IDCC propre depuis 2021, confirmé MSA)"
9031,agricole_absorbe,7024_ou_7025,Mentionné comme ex-IDCC dans le texte officiel de 7024/7025/7004,"Retirer de idcc_list.txt (plus d IDCC propre depuis 2021, confirmé MSA)"
9032,agricole_absorbe,7024_ou_7025,Mentionné comme ex-IDCC dans le texte officiel de 7024/7025/7004,"Retirer de idcc_list.txt (plus d IDCC propre depuis 2021, confirmé MSA)"
9041,agricole_absorbe,7024_ou_7025,Mentionné comme ex-IDCC dans le texte officiel de 7024/7025/7004,"Retirer de idcc_list.txt (plus d IDCC propre depuis 2021, confirmé MSA)"
9051,agricole_absorbe,7024_ou_7025,Mentionné comme ex-IDCC dans le texte officiel de 7024/7025/7004,"Retirer de idcc_list.txt (plus d IDCC propre depuis 2021, confirmé MSA)"
9061,agricole_absorbe,7024_ou_7025,Mentionné comme ex-IDCC dans le texte officiel de 7024/7025/7004,"Retirer de idcc_list.txt (plus d IDCC propre depuis 2021, confirmé MSA)"
9062,agricole_absorbe,7024_ou_7025,Mentionné comme ex-IDCC dans le texte officiel de 7024/7025/7004,"Retirer de idcc_list.txt (plus d IDCC propre depuis 2021, confirmé MSA)"
9071,agricole_absorbe,7024_ou_7025,Mentionné comme ex-IDCC dans le texte officiel de 7024/7025/7004,"Retirer de idcc_list.txt (plus d IDCC propre depuis 2021, confirmé MSA)"
9081,agricole_absorbe,7024_ou_7025,Mentionné comme ex-IDCC dans le texte officiel de 7024/7025/7004,"Retirer de idcc_list.txt (plus d IDCC propre depuis 2021, confirmé MSA)"
9091,agricole_absorbe,7024_ou_7025,Mentionné comme ex-IDCC dans le texte officiel de 7024/7025/7004,"Retirer de idcc_list.txt (plus d IDCC propre depuis 2021, confirmé MSA)"
9101,agricole_absorbe,7024_ou_7025,Mentionné comme ex-IDCC dans le texte officiel de 7024/7025/7004,"Retirer de idcc_list.txt (plus d IDCC propre depuis 2021, confirmé MSA)"
9111,agricole_absorbe,7024_ou_7025,Mentionné comme ex-IDCC dans le texte officiel de 7024/7025/7004,"Retirer de idcc_list.txt (plus d IDCC propre depuis 2021, confirmé MSA)"
9112,agricole_absorbe,7024_ou_7025,Mentionné comme ex-IDCC dans le texte officiel de 7024/7025/7004,"Retirer de idcc_list.txt (plus d IDCC propre depuis 2021, confirmé MSA)"
9121,agricole_absorbe,7024_ou_7025,Mentionné comme ex-IDCC dans le texte officiel de 7024/7025/7004,"Retirer de idcc_list.txt (plus d IDCC propre depuis 2021, confirmé MSA)"
9131,agricole_absorbe,7024_ou_7025,Mentionné comme ex-IDCC dans le texte officiel de 7024/7025/7004,"Retirer de idcc_list.txt (plus d IDCC propre depuis 2021, confirmé MSA)"
9141,agricole_absorbe,7024_ou_7025,Mentionné comme ex-IDCC dans le texte officiel de 7024/7025/7004,"Retirer de idcc_list.txt (plus d IDCC propre depuis 2021, confirmé MSA)"
9142,agricole_absorbe,7024_ou_7025,Mentionné comme ex-IDCC dans le texte officiel de 7024/7025/7004,"Retirer de idcc_list.txt (plus d IDCC propre depuis 2021, confirmé MSA)"
9151,agricole_absorbe,7024_ou_7025,Mentionné comme ex-IDCC dans le texte officiel de 7024/7025/7004,"Retirer de idcc_list.txt (plus d IDCC propre depuis 2021, confirmé MSA)"
9161,agricole_absorbe,7024_ou_7025,Mentionné comme ex-IDCC dans le texte officiel de 7024/7025/7004,"Retirer de idcc_list.txt (plus d IDCC propre depuis 2021, confirmé MSA)"
9171,agricole_absorbe,7024_ou_7025,Mentionné comme ex-IDCC dans le texte officiel de 7024/7025/7004,"Retirer de idcc_list.txt (plus d IDCC propre depuis 2021, confirmé MSA)"
9181,agricole_absorbe,7024_ou_7025,Mentionné comme ex-IDCC dans le texte officiel de 7024/7025/7004,"Retirer de idcc_list.txt (plus d IDCC propre depuis 2021, confirmé MSA)"
9182,agricole_absorbe,7024_ou_7025,Mentionné comme ex-IDCC dans le texte officiel de 7024/7025/7004,"Retirer de idcc_list.txt (plus d IDCC propre depuis 2021, confirmé MSA)"
9191,agricole_absorbe,7024_ou_7025,Mentionné comme ex-IDCC dans le texte officiel de 7024/7025/7004,"Retirer de idcc_list.txt (plus d IDCC propre depuis 2021, confirmé MSA)"
9201,agricole_absorbe,7024_ou_7025,Mentionné comme ex-IDCC dans le texte officiel de 7024/7025/7004,"Retirer de idcc_list.txt (plus d IDCC propre depuis 2021, confirmé MSA)"
9202,agricole_absorbe,7024_ou_7025,Mentionné comme ex-IDCC dans le texte officiel de 7024/7025/7004,"Retirer de idcc_list.txt (plus d IDCC propre depuis 2021, confirmé MSA)"
9211,agricole_absorbe,7024_ou_7025,Mentionné comme ex-IDCC dans le texte officiel de 7024/7025/7004,"Retirer de idcc_list.txt (plus d IDCC propre depuis 2021, confirmé MSA)"
9221,agricole_absorbe,7024_ou_7025,Mentionné comme ex-IDCC dans le texte officiel de 7024/7025/7004,"Retirer de idcc_list.txt (plus d IDCC propre depuis 2021, confirmé MSA)"
9222,agricole_absorbe,7024_ou_7025,Mentionné comme ex-IDCC dans le texte officiel de 7024/7025/7004,"Retirer de idcc_list.txt (plus d IDCC propre depuis 2021, confirmé MSA)"
9231,agricole_absorbe,7024_ou_7025,Mentionné comme ex-IDCC dans le texte officiel de 7024/7025/7004,"Retirer de idcc_list.txt (plus d IDCC propre depuis 2021, confirmé MSA)"
9232,agricole_absorbe,7024_ou_7025,Mentionné comme ex-IDCC dans le texte officiel de 7024/7025/7004,"Retirer de idcc_list.txt (plus d IDCC propre depuis 2021, confirmé MSA)"
9241,agricole_absorbe,7024_ou_7025,Mentionné comme ex-IDCC dans le texte officiel de 7024/7025/7004,"Retirer de idcc_list.txt (plus d IDCC propre depuis 2021, confirmé MSA)"
9251,agricole_absorbe,7024_ou_7025,Mentionné comme ex-IDCC dans le texte officiel de 7024/7025/7004,"Retirer de idcc_list.txt (plus d IDCC propre depuis 2021, confirmé MSA)"
9261,agricole_absorbe,7024_ou_7025,Mentionné comme ex-IDCC dans le texte officiel de 7024/7025/7004,"Retirer de idcc_list.txt (plus d IDCC propre depuis 2021, confirmé MSA)"
9271,agricole_absorbe,7024_ou_7025,Mentionné comme ex-IDCC dans le texte officiel de 7024/7025/7004,"Retirer de idcc_list.txt (plus d IDCC propre depuis 2021, confirmé MSA)"
9272,agricole_absorbe,7024_ou_7025,Mentionné comme ex-IDCC dans le texte officiel de 7024/7025/7004,"Retirer de idcc_list.txt (plus d IDCC propre depuis 2021, confirmé MSA)"
9273,agricole_absorbe,7024_ou_7025,Mentionné comme ex-IDCC dans le texte officiel de 7024/7025/7004,"Retirer de idcc_list.txt (plus d IDCC propre depuis 2021, confirmé MSA)"
9281,agricole_absorbe,7024_ou_7025,Mentionné comme ex-IDCC dans le texte officiel de 7024/7025/7004,"Retirer de idcc_list.txt (plus d IDCC propre depuis 2021, confirmé MSA)"
9283,agricole_absorbe,7024_ou_7025,Mentionné comme ex-IDCC dans le texte officiel de 7024/7025/7004,"Retirer de idcc_list.txt (plus d IDCC propre depuis 2021, confirmé MSA)"
9291,agricole_absorbe,7024_ou_7025,Mentionné comme ex-IDCC dans le texte officiel de 7024/7025/7004,"Retirer de idcc_list.txt (plus d IDCC propre depuis 2021, confirmé MSA)"
9292,agricole_absorbe,7024_ou_7025,Mentionné comme ex-IDCC dans le texte officiel de 7024/7025/7004,"Retirer de idcc_list.txt (plus d IDCC propre depuis 2021, confirmé MSA)"
9301,agricole_absorbe,7024_ou_7025,Mentionné comme ex-IDCC dans le texte officiel de 7024/7025/7004,"Retirer de idcc_list.txt (plus d IDCC propre depuis 2021, confirmé MSA)"
9302,agricole_absorbe,7024_ou_7025,Mentionné comme ex-IDCC dans le texte officiel de 7024/7025/7004,"Retirer de idcc_list.txt (plus d IDCC propre depuis 2021, confirmé MSA)"
9311,agricole_absorbe,7024_ou_7025,Mentionné comme ex-IDCC dans le texte officiel de 7024/7025/7004,"Retirer de idcc_list.txt (plus d IDCC propre depuis 2021, confirmé MSA)"
9321,agricole_absorbe,7024_ou_7025,Mentionné comme ex-IDCC dans le texte officiel de 7024/7025/7004,"Retirer de idcc_list.txt (plus d IDCC propre depuis 2021, confirmé MSA)"
9331,agricole_absorbe,7024_ou_7025,Mentionné comme ex-IDCC dans le texte officiel de 7024/7025/7004,"Retirer de idcc_list.txt (plus d IDCC propre depuis 2021, confirmé MSA)"
9341,agricole_absorbe,7024_ou_7025,Mentionné comme ex-IDCC dans le texte officiel de 7024/7025/7004,"Retirer de idcc_list.txt (plus d IDCC propre depuis 2021, confirmé MSA)"
9351,agricole_absorbe,7024_ou_7025,Mentionné comme ex-IDCC dans le texte officiel de 7024/7025/7004,"Retirer de idcc_list.txt (plus d IDCC propre depuis 2021, confirmé MSA)"
9352,agricole_absorbe,7024_ou_7025,Mentionné comme ex-IDCC dans le texte officiel de 7024/7025/7004,"Retirer de idcc_list.txt (plus d IDCC propre depuis 2021, confirmé MSA)"
9361,agricole_absorbe,7024_ou_7025,Mentionné comme ex-IDCC dans le texte officiel de 7024/7025/7004,"Retirer de idcc_list.txt (plus d IDCC propre depuis 2021, confirmé MSA)"
9362,agricole_absorbe,7024_ou_7025,Mentionné comme ex-IDCC dans le texte officiel de 7024/7025/7004,"Retirer de idcc_list.txt (plus d IDCC propre depuis 2021, confirmé MSA)"
9371,agricole_absorbe,7024_ou_7025,Mentionné comme ex-IDCC dans le texte officiel de 7024/7025/7004,"Retirer de idcc_list.txt (plus d IDCC propre depuis 2021, confirmé MSA)"
9372,agricole_absorbe,7024_ou_7025,Mentionné comme ex-IDCC dans le texte officiel de 7024/7025/7004,"Retirer de idcc_list.txt (plus d IDCC propre depuis 2021, confirmé MSA)"
9374,agricole_absorbe,7024_ou_7025,Mentionné comme ex-IDCC dans le texte officiel de 7024/7025/7004,"Retirer de idcc_list.txt (plus d IDCC propre depuis 2021, confirmé MSA)"
9381,agricole_absorbe,7024_ou_7025,Mentionné comme ex-IDCC dans le texte officiel de 7024/7025/7004,"Retirer de idcc_list.txt (plus d IDCC propre depuis 2021, confirmé MSA)"
9383,agricole_absorbe,7024_ou_7025,Mentionné comme ex-IDCC dans le texte officiel de 7024/7025/7004,"Retirer de idcc_list.txt (plus d IDCC propre depuis 2021, confirmé MSA)"
9391,agricole_absorbe,7024_ou_7025,Mentionné comme ex-IDCC dans le texte officiel de 7024/7025/7004,"Retirer de idcc_list.txt (plus d IDCC propre depuis 2021, confirmé MSA)"
9401,agricole_absorbe,7024_ou_7025,Mentionné comme ex-IDCC dans le texte officiel de 7024/7025/7004,"Retirer de idcc_list.txt (plus d IDCC propre depuis 2021, confirmé MSA)"
9411,agricole_absorbe,7024_ou_7025,Mentionné comme ex-IDCC dans le texte officiel de 7024/7025/7004,"Retirer de idcc_list.txt (plus d IDCC propre depuis 2021, confirmé MSA)"
9412,agricole_absorbe,7024_ou_7025,Mentionné comme ex-IDCC dans le texte officiel de 7024/7025/7004,"Retirer de idcc_list.txt (plus d IDCC propre depuis 2021, confirmé MSA)"
9413,agricole_absorbe,7024_ou_7025,Mentionné comme ex-IDCC dans le texte officiel de 7024/7025/7004,"Retirer de idcc_list.txt (plus d IDCC propre depuis 2021, confirmé MSA)"
9421,agricole_absorbe,7024_ou_7025,Mentionné comme ex-IDCC dans le texte officiel de 7024/7025/7004,"Retirer de idcc_list.txt (plus d IDCC propre depuis 2021, confirmé MSA)"
9422,agricole_absorbe,7024_ou_7025,Mentionné comme ex-IDCC dans le texte officiel de 7024/7025/7004,"Retirer de idcc_list.txt (plus d IDCC propre depuis 2021, confirmé MSA)"
9431,agricole_absorbe,7024_ou_7025,Mentionné comme ex-IDCC dans le texte officiel de 7024/7025/7004,"Retirer de idcc_list.txt (plus d IDCC propre depuis 2021, confirmé MSA)"
9441,agricole_absorbe,7024_ou_7025,Mentionné comme ex-IDCC dans le texte officiel de 7024/7025/7004,"Retirer de idcc_list.txt (plus d IDCC propre depuis 2021, confirmé MSA)"
9442,agricole_absorbe,7024_ou_7025,Mentionné comme ex-IDCC dans le texte officiel de 7024/7025/7004,"Retirer de idcc_list.txt (plus d IDCC propre depuis 2021, confirmé MSA)"
9444,agricole_absorbe,7024_ou_7025,Mentionné comme ex-IDCC dans le texte officiel de 7024/7025/7004,"Retirer de idcc_list.txt (plus d IDCC propre depuis 2021, confirmé MSA)"
9451,agricole_absorbe,7024_ou_7025,Mentionné comme ex-IDCC dans le texte officiel de 7024/7025/7004,"Retirer de idcc_list.txt (plus d IDCC propre depuis 2021, confirmé MSA)"
9452,agricole_absorbe,7024_ou_7025,Mentionné comme ex-IDCC dans le texte officiel de 7024/7025/7004,"Retirer de idcc_list.txt (plus d IDCC propre depuis 2021, confirmé MSA)"
9456,agricole_absorbe,7024_ou_7025,Mentionné comme ex-IDCC dans le texte officiel de 7024/7025/7004,"Retirer de idcc_list.txt (plus d IDCC propre depuis 2021, confirmé MSA)"
9461,agricole_absorbe,7024_ou_7025,Mentionné comme ex-IDCC dans le texte officiel de 7024/7025/7004,"Retirer de idcc_list.txt (plus d IDCC propre depuis 2021, confirmé MSA)"
9471,agricole_absorbe,7024_ou_7025,Mentionné comme ex-IDCC dans le texte officiel de 7024/7025/7004,"Retirer de idcc_list.txt (plus d IDCC propre depuis 2021, confirmé MSA)"
9472,agricole_absorbe,7024_ou_7025,Mentionné comme ex-IDCC dans le texte officiel de 7024/7025/7004,"Retirer de idcc_list.txt (plus d IDCC propre depuis 2021, confirmé MSA)"
9481,agricole_absorbe,7024_ou_7025,Mentionné comme ex-IDCC dans le texte officiel de 7024/7025/7004,"Retirer de idcc_list.txt (plus d IDCC propre depuis 2021, confirmé MSA)"
9491,agricole_absorbe,7024_ou_7025,Mentionné comme ex-IDCC dans le texte officiel de 7024/7025/7004,"Retirer de idcc_list.txt (plus d IDCC propre depuis 2021, confirmé MSA)"
9492,agricole_absorbe,7024_ou_7025,Mentionné comme ex-IDCC dans le texte officiel de 7024/7025/7004,"Retirer de idcc_list.txt (plus d IDCC propre depuis 2021, confirmé MSA)"
9493,agricole_absorbe,7024_ou_7025,Mentionné comme ex-IDCC dans le texte officiel de 7024/7025/7004,"Retirer de idcc_list.txt (plus d IDCC propre depuis 2021, confirmé MSA)"
9494,agricole_absorbe,7024_ou_7025,Mentionné comme ex-IDCC dans le texte officiel de 7024/7025/7004,"Retirer de idcc_list.txt (plus d IDCC propre depuis 2021, confirmé MSA)"
9497,agricole_absorbe,7024_ou_7025,Mentionné comme ex-IDCC dans le texte officiel de 7024/7025/7004,"Retirer de idcc_list.txt (plus d IDCC propre depuis 2021, confirmé MSA)"
9501,agricole_absorbe,7024_ou_7025,Mentionné comme ex-IDCC dans le texte officiel de 7024/7025/7004,"Retirer de idcc_list.txt (plus d IDCC propre depuis 2021, confirmé MSA)"
9502,agricole_absorbe,7024_ou_7025,Mentionné comme ex-IDCC dans le texte officiel de 7024/7025/7004,"Retirer de idcc_list.txt (plus d IDCC propre depuis 2021, confirmé MSA)"
9511,agricole_absorbe,7024_ou_7025,Mentionné comme ex-IDCC dans le texte officiel de 7024/7025/7004,"Retirer de idcc_list.txt (plus d IDCC propre depuis 2021, confirmé MSA)"
9521,agricole_absorbe,7024_ou_7025,Mentionné comme ex-IDCC dans le texte officiel de 7024/7025/7004,"Retirer de idcc_list.txt (plus d IDCC propre depuis 2021, confirmé MSA)"
9531,agricole_absorbe,7024_ou_7025,Mentionné comme ex-IDCC dans le texte officiel de 7024/7025/7004,"Retirer de idcc_list.txt (plus d IDCC propre depuis 2021, confirmé MSA)"
9532,agricole_absorbe,7024_ou_7025,Mentionné comme ex-IDCC dans le texte officiel de 7024/7025/7004,"Retirer de idcc_list.txt (plus d IDCC propre depuis 2021, confirmé MSA)"
9541,agricole_absorbe,7024_ou_7025,Mentionné comme ex-IDCC dans le texte officiel de 7024/7025/7004,"Retirer de idcc_list.txt (plus d IDCC propre depuis 2021, confirmé MSA)"
9551,agricole_absorbe,7024_ou_7025,Mentionné comme ex-IDCC dans le texte officiel de 7024/7025/7004,"Retirer de idcc_list.txt (plus d IDCC propre depuis 2021, confirmé MSA)"
9561,agricole_absorbe,7024_ou_7025,Mentionné comme ex-IDCC dans le texte officiel de 7024/7025/7004,"Retirer de idcc_list.txt (plus d IDCC propre depuis 2021, confirmé MSA)"
9562,agricole_absorbe,7024_ou_7025,Mentionné comme ex-IDCC dans le texte officiel de 7024/7025/7004,"Retirer de idcc_list.txt (plus d IDCC propre depuis 2021, confirmé MSA)"
9571,agricole_absorbe,7024_ou_7025,Mentionné comme ex-IDCC dans le texte officiel de 7024/7025/7004,"Retirer de idcc_list.txt (plus d IDCC propre depuis 2021, confirmé MSA)"
9581,agricole_absorbe,7024_ou_7025,Mentionné comme ex-IDCC dans le texte officiel de 7024/7025/7004,"Retirer de idcc_list.txt (plus d IDCC propre depuis 2021, confirmé MSA)"
9591,agricole_absorbe,7024_ou_7025,Mentionné comme ex-IDCC dans le texte officiel de 7024/7025/7004,"Retirer de idcc_list.txt (plus d IDCC propre depuis 2021, confirmé MSA)"
9592,agricole_absorbe,7024_ou_7025,Mentionné comme ex-IDCC dans le texte officiel de 7024/7025/7004,"Retirer de idcc_list.txt (plus d IDCC propre depuis 2021, confirmé MSA)"
9601,agricole_absorbe,7024_ou_7025,Mentionné comme ex-IDCC dans le texte officiel de 7024/7025/7004,"Retirer de idcc_list.txt (plus d IDCC propre depuis 2021, confirmé MSA)"
9602,agricole_absorbe,7024_ou_7025,Mentionné comme ex-IDCC dans le texte officiel de 7024/7025/7004,"Retirer de idcc_list.txt (plus d IDCC propre depuis 2021, confirmé MSA)"
9603,agricole_absorbe,7024_ou_7025,Mentionné comme ex-IDCC dans le texte officiel de 7024/7025/7004,"Retirer de idcc_list.txt (plus d IDCC propre depuis 2021, confirmé MSA)"
9611,agricole_absorbe,7024_ou_7025,Mentionné comme ex-IDCC dans le texte officiel de 7024/7025/7004,"Retirer de idcc_list.txt (plus d IDCC propre depuis 2021, confirmé MSA)"
9612,agricole_absorbe,7024_ou_7025,Mentionné comme ex-IDCC dans le texte officiel de 7024/7025/7004,"Retirer de idcc_list.txt (plus d IDCC propre depuis 2021, confirmé MSA)"
9613,agricole_absorbe,7024_ou_7025,Mentionné comme ex-IDCC dans le texte officiel de 7024/7025/7004,"Retirer de idcc_list.txt (plus d IDCC propre depuis 2021, confirmé MSA)"
9621,agricole_absorbe,7024_ou_7025,Mentionné comme ex-IDCC dans le texte officiel de 7024/7025/7004,"Retirer de idcc_list.txt (plus d IDCC propre depuis 2021, confirmé MSA)"
9622,agricole_absorbe,7024_ou_7025,Mentionné comme ex-IDCC dans le texte officiel de 7024/7025/7004,"Retirer de idcc_list.txt (plus d IDCC propre depuis 2021, confirmé MSA)"
9631,agricole_absorbe,7024_ou_7025,Mentionné comme ex-IDCC dans le texte officiel de 7024/7025/7004,"Retirer de idcc_list.txt (plus d IDCC propre depuis 2021, confirmé MSA)"
9641,agricole_absorbe,7024_ou_7025,Mentionné comme ex-IDCC dans le texte officiel de 7024/7025/7004,"Retirer de idcc_list.txt (plus d IDCC propre depuis 2021, confirmé MSA)"
9651,agricole_absorbe,7024_ou_7025,Mentionné comme ex-IDCC dans le texte officiel de 7024/7025/7004,"Retirer de idcc_list.txt (plus d IDCC propre depuis 2021, confirmé MSA)"
9661,agricole_absorbe,7024_ou_7025,Mentionné comme ex-IDCC dans le texte officiel de 7024/7025/7004,"Retirer de idcc_list.txt (plus d IDCC propre depuis 2021, confirmé MSA)"
9671,agricole_absorbe,7024_ou_7025,Mentionné comme ex-IDCC dans le texte officiel de 7024/7025/7004,"Retirer de idcc_list.txt (plus d IDCC propre depuis 2021, confirmé MSA)"
9681,agricole_absorbe,7024_ou_7025,Mentionné comme ex-IDCC dans le texte officiel de 7024/7025/7004,"Retirer de idcc_list.txt (plus d IDCC propre depuis 2021, confirmé MSA)"
9691,agricole_absorbe,7024_ou_7025,Mentionné comme ex-IDCC dans le texte officiel de 7024/7025/7004,"Retirer de idcc_list.txt (plus d IDCC propre depuis 2021, confirmé MSA)"
9701,agricole_absorbe,7024_ou_7025,Mentionné comme ex-IDCC dans le texte officiel de 7024/7025/7004,"Retirer de idcc_list.txt (plus d IDCC propre depuis 2021, confirmé MSA)"
9711,agricole_absorbe,7024_ou_7025,Mentionné comme ex-IDCC dans le texte officiel de 7024/7025/7004,"Retirer de idcc_list.txt (plus d IDCC propre depuis 2021, confirmé MSA)"
9712,agricole_absorbe,7024_ou_7025,Mentionné comme ex-IDCC dans le texte officiel de 7024/7025/7004,"Retirer de idcc_list.txt (plus d IDCC propre depuis 2021, confirmé MSA)"
9721,agricole_absorbe,7024_ou_7025,Mentionné comme ex-IDCC dans le texte officiel de 7024/7025/7004,"Retirer de idcc_list.txt (plus d IDCC propre depuis 2021, confirmé MSA)"
9722,agricole_absorbe,7024_ou_7025,Mentionné comme ex-IDCC dans le texte officiel de 7024/7025/7004,"Retirer de idcc_list.txt (plus d IDCC propre depuis 2021, confirmé MSA)"
9723,agricole_absorbe,7024_ou_7025,Mentionné comme ex-IDCC dans le texte officiel de 7024/7025/7004,"Retirer de idcc_list.txt (plus d IDCC propre depuis 2021, confirmé MSA)"
9725,agricole_absorbe,7024_ou_7025,Mentionné comme ex-IDCC dans le texte officiel de 7024/7025/7004,"Retirer de idcc_list.txt (plus d IDCC propre depuis 2021, confirmé MSA)"
9731,agricole_absorbe,7024_ou_7025,Mentionné comme ex-IDCC dans le texte officiel de 7024/7025/7004,"Retirer de idcc_list.txt (plus d IDCC propre depuis 2021, confirmé MSA)"
9741,agricole_absorbe,7024_ou_7025,Mentionné comme ex-IDCC dans le texte officiel de 7024/7025/7004,"Retirer de idcc_list.txt (plus d IDCC propre depuis 2021, confirmé MSA)"
9751,agricole_absorbe,7024_ou_7025,Mentionné comme ex-IDCC dans le texte officiel de 7024/7025/7004,"Retirer de idcc_list.txt (plus d IDCC propre depuis 2021, confirmé MSA)"
9761,agricole_absorbe,7024_ou_7025,Mentionné comme ex-IDCC dans le texte officiel de 7024/7025/7004,"Retirer de idcc_list.txt (plus d IDCC propre depuis 2021, confirmé MSA)"
9762,agricole_absorbe,7024_ou_7025,Mentionné comme ex-IDCC dans le texte officiel de 7024/7025/7004,"Retirer de idcc_list.txt (plus d IDCC propre depuis 2021, confirmé MSA)"
9771,agricole_absorbe,7024_ou_7025,Mentionné comme ex-IDCC dans le texte officiel de 7024/7025/7004,"Retirer de idcc_list.txt (plus d IDCC propre depuis 2021, confirmé MSA)"
9781,agricole_absorbe,7024_ou_7025,Mentionné comme ex-IDCC dans le texte officiel de 7024/7025/7004,"Retirer de idcc_list.txt (plus d IDCC propre depuis 2021, confirmé MSA)"
9791,agricole_absorbe,7024_ou_7025,Mentionné comme ex-IDCC dans le texte officiel de 7024/7025/7004,"Retirer de idcc_list.txt (plus d IDCC propre depuis 2021, confirmé MSA)"
9801,agricole_absorbe,7024_ou_7025,Mentionné comme ex-IDCC dans le texte officiel de 7024/7025/7004,"Retirer de idcc_list.txt (plus d IDCC propre depuis 2021, confirmé MSA)"
9802,agricole_absorbe,7024_ou_7025,Mentionné comme ex-IDCC dans le texte officiel de 7024/7025/7004,"Retirer de idcc_list.txt (plus d IDCC propre depuis 2021, confirmé MSA)"
9811,agricole_absorbe,7024_ou_7025,Mentionné comme ex-IDCC dans le texte officiel de 7024/7025/7004,"Retirer de idcc_list.txt (plus d IDCC propre depuis 2021, confirmé MSA)"
9821,agricole_absorbe,7024_ou_7025,Mentionné comme ex-IDCC dans le texte officiel de 7024/7025/7004,"Retirer de idcc_list.txt (plus d IDCC propre depuis 2021, confirmé MSA)"
9831,agricole_absorbe,7024_ou_7025,Mentionné comme ex-IDCC dans le texte officiel de 7024/7025/7004,"Retirer de idcc_list.txt (plus d IDCC propre depuis 2021, confirmé MSA)"
9841,agricole_absorbe,7024_ou_7025,Mentionné comme ex-IDCC dans le texte officiel de 7024/7025/7004,"Retirer de idcc_list.txt (plus d IDCC propre depuis 2021, confirmé MSA)"
9851,agricole_absorbe,7024_ou_7025,Mentionné comme ex-IDCC dans le texte officiel de 7024/7025/7004,"Retirer de idcc_list.txt (plus d IDCC propre depuis 2021, confirmé MSA)"
9852,agricole_absorbe,7024_ou_7025,Mentionné comme ex-IDCC dans le texte officiel de 7024/7025/7004,"Retirer de idcc_list.txt (plus d IDCC propre depuis 2021, confirmé MSA)"
9853,agricole_absorbe,7024_ou_7025,Mentionné comme ex-IDCC dans le texte officiel de 7024/7025/7004,"Retirer de idcc_list.txt (plus d IDCC propre depuis 2021, confirmé MSA)"
9861,agricole_absorbe,7024_ou_7025,Mentionné comme ex-IDCC dans le texte officiel de 7024/7025/7004,"Retirer de idcc_list.txt (plus d IDCC propre depuis 2021, confirmé MSA)"
9862,agricole_absorbe,7024_ou_7025,Mentionné comme ex-IDCC dans le texte officiel de 7024/7025/7004,"Retirer de idcc_list.txt (plus d IDCC propre depuis 2021, confirmé MSA)"
9871,agricole_absorbe,7024_ou_7025,Mentionné comme ex-IDCC dans le texte officiel de 7024/7025/7004,"Retirer de idcc_list.txt (plus d IDCC propre depuis 2021, confirmé MSA)"
9881,agricole_absorbe,7024_ou_7025,Mentionné comme ex-IDCC dans le texte officiel de 7024/7025/7004,"Retirer de idcc_list.txt (plus d IDCC propre depuis 2021, confirmé MSA)"
9891,agricole_absorbe,7024_ou_7025,Mentionné comme ex-IDCC dans le texte officiel de 7024/7025/7004,"Retirer de idcc_list.txt (plus d IDCC propre depuis 2021, confirmé MSA)"
9901,agricole_absorbe,7024_ou_7025,Mentionné comme ex-IDCC dans le texte officiel de 7024/7025/7004,"Retirer de idcc_list.txt (plus d IDCC propre depuis 2021, confirmé MSA)"
9911,agricole_absorbe,7024_ou_7025,Mentionné comme ex-IDCC dans le texte officiel de 7024/7025/7004,"Retirer de idcc_list.txt (plus d IDCC propre depuis 2021, confirmé MSA)"
9921,agricole_absorbe,7024_ou_7025,Mentionné comme ex-IDCC dans le texte officiel de 7024/7025/7004,"Retirer de idcc_list.txt (plus d IDCC propre depuis 2021, confirmé MSA)"
9971,agricole_absorbe,7024_ou_7025,Mentionné comme ex-IDCC dans le texte officiel de 7024/7025/7004,"Retirer de idcc_list.txt (plus d IDCC propre depuis 2021, confirmé MSA)"
9972,agricole_absorbe,7024_ou_7025,Mentionné comme ex-IDCC dans le texte officiel de 7024/7025/7004,"Retirer de idcc_list.txt (plus d IDCC propre depuis 2021, confirmé MSA)"
214,introuvable_non_resolu,,Aucune correspondance DARES ni mention textuelle trouvée dans les CCN déjà téléchargés,"A rechercher individuellement si prioritaire, sinon considérer comme définitivement introuvable"
306,introuvable_non_resolu,,Aucune correspondance DARES ni mention textuelle trouvée dans les CCN déjà téléchargés,"A rechercher individuellement si prioritaire, sinon considérer comme définitivement introuvable"
379,introuvable_non_resolu,,Aucune correspondance DARES ni mention textuelle trouvée dans les CCN déjà téléchargés,"A rechercher individuellement si prioritaire, sinon considérer comme définitivement introuvable"
394,introuvable_non_resolu,,Aucune correspondance DARES ni mention textuelle trouvée dans les CCN déjà téléchargés,"A rechercher individuellement si prioritaire, sinon considérer comme définitivement introuvable"
440,introuvable_non_resolu,,Aucune correspondance DARES ni mention textuelle trouvée dans les CCN déjà téléchargés,"A rechercher individuellement si prioritaire, sinon considérer comme définitivement introuvable"
509,introuvable_non_resolu,,Aucune correspondance DARES ni mention textuelle trouvée dans les CCN déjà téléchargés,"A rechercher individuellement si prioritaire, sinon considérer comme définitivement introuvable"
627,introuvable_non_resolu,,Aucune correspondance DARES ni mention textuelle trouvée dans les CCN déjà téléchargés,"A rechercher individuellement si prioritaire, sinon considérer comme définitivement introuvable"
653,introuvable_non_resolu,,Aucune correspondance DARES ni mention textuelle trouvée dans les CCN déjà téléchargés,"A rechercher individuellement si prioritaire, sinon considérer comme définitivement introuvable"
749,introuvable_non_resolu,,Aucune correspondance DARES ni mention textuelle trouvée dans les CCN déjà téléchargés,"A rechercher individuellement si prioritaire, sinon considérer comme définitivement introuvable"
771,introuvable_non_resolu,,Aucune correspondance DARES ni mention textuelle trouvée dans les CCN déjà téléchargés,"A rechercher individuellement si prioritaire, sinon considérer comme définitivement introuvable"
783,introuvable_non_resolu,,Aucune correspondance DARES ni mention textuelle trouvée dans les CCN déjà téléchargés,"A rechercher individuellement si prioritaire, sinon considérer comme définitivement introuvable"
804,introuvable_non_resolu,,Aucune correspondance DARES ni mention textuelle trouvée dans les CCN déjà téléchargés,"A rechercher individuellement si prioritaire, sinon considérer comme définitivement introuvable"
846,introuvable_non_resolu,,Aucune correspondance DARES ni mention textuelle trouvée dans les CCN déjà téléchargés,"A rechercher individuellement si prioritaire, sinon considérer comme définitivement introuvable"
901,introuvable_non_resolu,,Aucune correspondance DARES ni mention textuelle trouvée dans les CCN déjà téléchargés,"A rechercher individuellement si prioritaire, sinon considérer comme définitivement introuvable"
919,introuvable_non_resolu,,Aucune correspondance DARES ni mention textuelle trouvée dans les CCN déjà téléchargés,"A rechercher individuellement si prioritaire, sinon considérer comme définitivement introuvable"
1031,introuvable_non_resolu,,Aucune correspondance DARES ni mention textuelle trouvée dans les CCN déjà téléchargés,"A rechercher individuellement si prioritaire, sinon considérer comme définitivement introuvable"
1040,introuvable_non_resolu,,Aucune correspondance DARES ni mention textuelle trouvée dans les CCN déjà téléchargés,"A rechercher individuellement si prioritaire, sinon considérer comme définitivement introuvable"
1049,introuvable_non_resolu,,Aucune correspondance DARES ni mention textuelle trouvée dans les CCN déjà téléchargés,"A rechercher individuellement si prioritaire, sinon considérer comme définitivement introuvable"
1050,introuvable_non_resolu,,Aucune correspondance DARES ni mention textuelle trouvée dans les CCN déjà téléchargés,"A rechercher individuellement si prioritaire, sinon considérer comme définitivement introuvable"
1057,introuvable_non_resolu,,Aucune correspondance DARES ni mention textuelle trouvée dans les CCN déjà téléchargés,"A rechercher individuellement si prioritaire, sinon considérer comme définitivement introuvable"
1060,introuvable_non_resolu,,Aucune correspondance DARES ni mention textuelle trouvée dans les CCN déjà téléchargés,"A rechercher individuellement si prioritaire, sinon considérer comme définitivement introuvable"
1069,introuvable_non_resolu,,Aucune correspondance DARES ni mention textuelle trouvée dans les CCN déjà téléchargés,"A rechercher individuellement si prioritaire, sinon considérer comme définitivement introuvable"
1072,introuvable_non_resolu,,Aucune correspondance DARES ni mention textuelle trouvée dans les CCN déjà téléchargés,"A rechercher individuellement si prioritaire, sinon considérer comme définitivement introuvable"
1140,introuvable_non_resolu,,Aucune correspondance DARES ni mention textuelle trouvée dans les CCN déjà téléchargés,"A rechercher individuellement si prioritaire, sinon considérer comme définitivement introuvable"
1203,introuvable_non_resolu,,Aucune correspondance DARES ni mention textuelle trouvée dans les CCN déjà téléchargés,"A rechercher individuellement si prioritaire, sinon considérer comme définitivement introuvable"
1225,introuvable_non_resolu,,Aucune correspondance DARES ni mention textuelle trouvée dans les CCN déjà téléchargés,"A rechercher individuellement si prioritaire, sinon considérer comme définitivement introuvable"
1232,introuvable_non_resolu,,Aucune correspondance DARES ni mention textuelle trouvée dans les CCN déjà téléchargés,"A rechercher individuellement si prioritaire, sinon considérer comme définitivement introuvable"
1247,introuvable_non_resolu,,Aucune correspondance DARES ni mention textuelle trouvée dans les CCN déjà téléchargés,"A rechercher individuellement si prioritaire, sinon considérer comme définitivement introuvable"
1257,introuvable_non_resolu,,Aucune correspondance DARES ni mention textuelle trouvée dans les CCN déjà téléchargés,"A rechercher individuellement si prioritaire, sinon considérer comme définitivement introuvable"
1309,introuvable_non_resolu,,Aucune correspondance DARES ni mention textuelle trouvée dans les CCN déjà téléchargés,"A rechercher individuellement si prioritaire, sinon considérer comme définitivement introuvable"
1321,introuvable_non_resolu,,Aucune correspondance DARES ni mention textuelle trouvée dans les CCN déjà téléchargés,"A rechercher individuellement si prioritaire, sinon considérer comme définitivement introuvable"
1341,introuvable_non_resolu,,Aucune correspondance DARES ni mention textuelle trouvée dans les CCN déjà téléchargés,"A rechercher individuellement si prioritaire, sinon considérer comme définitivement introuvable"
1413,introuvable_non_resolu,,Aucune correspondance DARES ni mention textuelle trouvée dans les CCN déjà téléchargés,"A rechercher individuellement si prioritaire, sinon considérer comme définitivement introuvable"
1468,introuvable_non_resolu,,Aucune correspondance DARES ni mention textuelle trouvée dans les CCN déjà téléchargés,"A rechercher individuellement si prioritaire, sinon considérer comme définitivement introuvable"
1489,introuvable_non_resolu,,Aucune correspondance DARES ni mention textuelle trouvée dans les CCN déjà téléchargés,"A rechercher individuellement si prioritaire, sinon considérer comme définitivement introuvable"
1538,introuvable_non_resolu,,Aucune correspondance DARES ni mention textuelle trouvée dans les CCN déjà téléchargés,"A rechercher individuellement si prioritaire, sinon considérer comme définitivement introuvable"
1554,introuvable_non_resolu,,Aucune correspondance DARES ni mention textuelle trouvée dans les CCN déjà téléchargés,"A rechercher individuellement si prioritaire, sinon considérer comme définitivement introuvable"
1565,introuvable_non_resolu,,Aucune correspondance DARES ni mention textuelle trouvée dans les CCN déjà téléchargés,"A rechercher individuellement si prioritaire, sinon considérer comme définitivement introuvable"
1600,introuvable_non_resolu,,Aucune correspondance DARES ni mention textuelle trouvée dans les CCN déjà téléchargés,"A rechercher individuellement si prioritaire, sinon considérer comme définitivement introuvable"
1603,introuvable_non_resolu,,Aucune correspondance DARES ni mention textuelle trouvée dans les CCN déjà téléchargés,"A rechercher individuellement si prioritaire, sinon considérer comme définitivement introuvable"
1636,introuvable_non_resolu,,Aucune correspondance DARES ni mention textuelle trouvée dans les CCN déjà téléchargés,"A rechercher individuellement si prioritaire, sinon considérer comme définitivement introuvable"
1637,introuvable_non_resolu,,Aucune correspondance DARES ni mention textuelle trouvée dans les CCN déjà téléchargés,"A rechercher individuellement si prioritaire, sinon considérer comme définitivement introuvable"
1640,introuvable_non_resolu,,Aucune correspondance DARES ni mention textuelle trouvée dans les CCN déjà téléchargés,"A rechercher individuellement si prioritaire, sinon considérer comme définitivement introuvable"
1648,introuvable_non_resolu,,Aucune correspondance DARES ni mention textuelle trouvée dans les CCN déjà téléchargés,"A rechercher individuellement si prioritaire, sinon considérer comme définitivement introuvable"
1649,introuvable_non_resolu,,Aucune correspondance DARES ni mention textuelle trouvée dans les CCN déjà téléchargés,"A rechercher individuellement si prioritaire, sinon considérer comme définitivement introuvable"
1651,introuvable_non_resolu,,Aucune correspondance DARES ni mention textuelle trouvée dans les CCN déjà téléchargés,"A rechercher individuellement si prioritaire, sinon considérer comme définitivement introuvable"
1653,introuvable_non_resolu,,Aucune correspondance DARES ni mention textuelle trouvée dans les CCN déjà téléchargés,"A rechercher individuellement si prioritaire, sinon considérer comme définitivement introuvable"
1661,introuvable_non_resolu,,Aucune correspondance DARES ni mention textuelle trouvée dans les CCN déjà téléchargés,"A rechercher individuellement si prioritaire, sinon considérer comme définitivement introuvable"
1665,introuvable_non_resolu,,Aucune correspondance DARES ni mention textuelle trouvée dans les CCN déjà téléchargés,"A rechercher individuellement si prioritaire, sinon considérer comme définitivement introuvable"
1666,introuvable_non_resolu,,Aucune correspondance DARES ni mention textuelle trouvée dans les CCN déjà téléchargés,"A rechercher individuellement si prioritaire, sinon considérer comme définitivement introuvable"
1670,introuvable_non_resolu,,Aucune correspondance DARES ni mention textuelle trouvée dans les CCN déjà téléchargés,"A rechercher individuellement si prioritaire, sinon considérer comme définitivement introuvable"
1680,introuvable_non_resolu,,Aucune correspondance DARES ni mention textuelle trouvée dans les CCN déjà téléchargés,"A rechercher individuellement si prioritaire, sinon considérer comme définitivement introuvable"
1682,introuvable_non_resolu,,Aucune correspondance DARES ni mention textuelle trouvée dans les CCN déjà téléchargés,"A rechercher individuellement si prioritaire, sinon considérer comme définitivement introuvable"
1683,introuvable_non_resolu,,Aucune correspondance DARES ni mention textuelle trouvée dans les CCN déjà téléchargés,"A rechercher individuellement si prioritaire, sinon considérer comme définitivement introuvable"
1685,doublon_deja_couvert,3249,"Fabrication béton prêt à l'emploi = activité déjà incluse dans 3249 (carrières/matériaux, déjà dans le repo)","Retirer de idcc_list.txt, contenu déjà couvert par 3249"
1687,introuvable_non_resolu,,Aucune correspondance DARES ni mention textuelle trouvée dans les CCN déjà téléchargés,"A rechercher individuellement si prioritaire, sinon considérer comme définitivement introuvable"
1691,introuvable_non_resolu,,Aucune correspondance DARES ni mention textuelle trouvée dans les CCN déjà téléchargés,"A rechercher individuellement si prioritaire, sinon considérer comme définitivement introuvable"
1694,introuvable_non_resolu,,Aucune correspondance DARES ni mention textuelle trouvée dans les CCN déjà téléchargés,"A rechercher individuellement si prioritaire, sinon considérer comme définitivement introuvable"
1695,introuvable_non_resolu,,Aucune correspondance DARES ni mention textuelle trouvée dans les CCN déjà téléchargés,"A rechercher individuellement si prioritaire, sinon considérer comme définitivement introuvable"
1700,introuvable_non_resolu,,Aucune correspondance DARES ni mention textuelle trouvée dans les CCN déjà téléchargés,"A rechercher individuellement si prioritaire, sinon considérer comme définitivement introuvable"
1704,renumerotation_confirmee_web,1431,"Optique-lunetterie de détail, confirmé 4+ sources (brochure 3084)",Renommer 1704 -> 1431 si contenu compatible
1706,introuvable_non_resolu,,Aucune correspondance DARES ni mention textuelle trouvée dans les CCN déjà téléchargés,"A rechercher individuellement si prioritaire, sinon considérer comme définitivement introuvable"
1712,introuvable_non_resolu,,Aucune correspondance DARES ni mention textuelle trouvée dans les CCN déjà téléchargés,"A rechercher individuellement si prioritaire, sinon considérer comme définitivement introuvable"
1720,introuvable_non_resolu,,Aucune correspondance DARES ni mention textuelle trouvée dans les CCN déjà téléchargés,"A rechercher individuellement si prioritaire, sinon considérer comme définitivement introuvable"
1721,introuvable_non_resolu,,Aucune correspondance DARES ni mention textuelle trouvée dans les CCN déjà téléchargés,"A rechercher individuellement si prioritaire, sinon considérer comme définitivement introuvable"
1727,introuvable_non_resolu,,Aucune correspondance DARES ni mention textuelle trouvée dans les CCN déjà téléchargés,"A rechercher individuellement si prioritaire, sinon considérer comme définitivement introuvable"
1729,introuvable_non_resolu,,Aucune correspondance DARES ni mention textuelle trouvée dans les CCN déjà téléchargés,"A rechercher individuellement si prioritaire, sinon considérer comme définitivement introuvable"
1735,introuvable_non_resolu,,Aucune correspondance DARES ni mention textuelle trouvée dans les CCN déjà téléchargés,"A rechercher individuellement si prioritaire, sinon considérer comme définitivement introuvable"
1742,introuvable_non_resolu,,Aucune correspondance DARES ni mention textuelle trouvée dans les CCN déjà téléchargés,"A rechercher individuellement si prioritaire, sinon considérer comme définitivement introuvable"
1744,introuvable_non_resolu,,Aucune correspondance DARES ni mention textuelle trouvée dans les CCN déjà téléchargés,"A rechercher individuellement si prioritaire, sinon considérer comme définitivement introuvable"
1748,introuvable_non_resolu,,Aucune correspondance DARES ni mention textuelle trouvée dans les CCN déjà téléchargés,"A rechercher individuellement si prioritaire, sinon considérer comme définitivement introuvable"
1749,introuvable_non_resolu,,Aucune correspondance DARES ni mention textuelle trouvée dans les CCN déjà téléchargés,"A rechercher individuellement si prioritaire, sinon considérer comme définitivement introuvable"
1753,introuvable_non_resolu,,Aucune correspondance DARES ni mention textuelle trouvée dans les CCN déjà téléchargés,"A rechercher individuellement si prioritaire, sinon considérer comme définitivement introuvable"
1757,introuvable_non_resolu,,Aucune correspondance DARES ni mention textuelle trouvée dans les CCN déjà téléchargés,"A rechercher individuellement si prioritaire, sinon considérer comme définitivement introuvable"
1762,introuvable_non_resolu,,Aucune correspondance DARES ni mention textuelle trouvée dans les CCN déjà téléchargés,"A rechercher individuellement si prioritaire, sinon considérer comme définitivement introuvable"
1764,introuvable_non_resolu,,Aucune correspondance DARES ni mention textuelle trouvée dans les CCN déjà téléchargés,"A rechercher individuellement si prioritaire, sinon considérer comme définitivement introuvable"
1767,introuvable_non_resolu,,Aucune correspondance DARES ni mention textuelle trouvée dans les CCN déjà téléchargés,"A rechercher individuellement si prioritaire, sinon considérer comme définitivement introuvable"
1768,introuvable_non_resolu,,Aucune correspondance DARES ni mention textuelle trouvée dans les CCN déjà téléchargés,"A rechercher individuellement si prioritaire, sinon considérer comme définitivement introuvable"
1769,introuvable_non_resolu,,Aucune correspondance DARES ni mention textuelle trouvée dans les CCN déjà téléchargés,"A rechercher individuellement si prioritaire, sinon considérer comme définitivement introuvable"
1770,introuvable_non_resolu,,Aucune correspondance DARES ni mention textuelle trouvée dans les CCN déjà téléchargés,"A rechercher individuellement si prioritaire, sinon considérer comme définitivement introuvable"
1776,introuvable_non_resolu,,Aucune correspondance DARES ni mention textuelle trouvée dans les CCN déjà téléchargés,"A rechercher individuellement si prioritaire, sinon considérer comme définitivement introuvable"
1782,introuvable_non_resolu,,Aucune correspondance DARES ni mention textuelle trouvée dans les CCN déjà téléchargés,"A rechercher individuellement si prioritaire, sinon considérer comme définitivement introuvable"
1783,introuvable_non_resolu,,Aucune correspondance DARES ni mention textuelle trouvée dans les CCN déjà téléchargés,"A rechercher individuellement si prioritaire, sinon considérer comme définitivement introuvable"
1851,introuvable_non_resolu,,Aucune correspondance DARES ni mention textuelle trouvée dans les CCN déjà téléchargés,"A rechercher individuellement si prioritaire, sinon considérer comme définitivement introuvable"
1862,introuvable_non_resolu,,Aucune correspondance DARES ni mention textuelle trouvée dans les CCN déjà téléchargés,"A rechercher individuellement si prioritaire, sinon considérer comme définitivement introuvable"
1891,introuvable_non_resolu,,Aucune correspondance DARES ni mention textuelle trouvée dans les CCN déjà téléchargés,"A rechercher individuellement si prioritaire, sinon considérer comme définitivement introuvable"
1923,introuvable_non_resolu,,Aucune correspondance DARES ni mention textuelle trouvée dans les CCN déjà téléchargés,"A rechercher individuellement si prioritaire, sinon considérer comme définitivement introuvable"
1961,introuvable_non_resolu,,Aucune correspondance DARES ni mention textuelle trouvée dans les CCN déjà téléchargés,"A rechercher individuellement si prioritaire, sinon considérer comme définitivement introuvable"
1965,introuvable_non_resolu,,Aucune correspondance DARES ni mention textuelle trouvée dans les CCN déjà téléchargés,"A rechercher individuellement si prioritaire, sinon considérer comme définitivement introuvable"
1980,introuvable_non_resolu,,Aucune correspondance DARES ni mention textuelle trouvée dans les CCN déjà téléchargés,"A rechercher individuellement si prioritaire, sinon considérer comme définitivement introuvable"
2025,introuvable_non_resolu,,Aucune correspondance DARES ni mention textuelle trouvée dans les CCN déjà téléchargés,"A rechercher individuellement si prioritaire, sinon considérer comme définitivement introuvable"
2140,introuvable_non_resolu,,Aucune correspondance DARES ni mention textuelle trouvée dans les CCN déjà téléchargés,"A rechercher individuellement si prioritaire, sinon considérer comme définitivement introuvable"
2250,introuvable_non_resolu,,Aucune correspondance DARES ni mention textuelle trouvée dans les CCN déjà téléchargés,"A rechercher individuellement si prioritaire, sinon considérer comme définitivement introuvable"
2328,introuvable_non_resolu,,Aucune correspondance DARES ni mention textuelle trouvée dans les CCN déjà téléchargés,"A rechercher individuellement si prioritaire, sinon considérer comme définitivement introuvable"
2345,introuvable_non_resolu,,Aucune correspondance DARES ni mention textuelle trouvée dans les CCN déjà téléchargés,"A rechercher individuellement si prioritaire, sinon considérer comme définitivement introuvable"
2360,introuvable_non_resolu,,Aucune correspondance DARES ni mention textuelle trouvée dans les CCN déjà téléchargés,"A rechercher individuellement si prioritaire, sinon considérer comme définitivement introuvable"
2378,introuvable_non_resolu,,Aucune correspondance DARES ni mention textuelle trouvée dans les CCN déjà téléchargés,"A rechercher individuellement si prioritaire, sinon considérer comme définitivement introuvable"
2389,introuvable_non_resolu,,Aucune correspondance DARES ni mention textuelle trouvée dans les CCN déjà téléchargés,"A rechercher individuellement si prioritaire, sinon considérer comme définitivement introuvable"
2405,introuvable_non_resolu,,Aucune correspondance DARES ni mention textuelle trouvée dans les CCN déjà téléchargés,"A rechercher individuellement si prioritaire, sinon considérer comme définitivement introuvable"
2534,introuvable_non_resolu,,Aucune correspondance DARES ni mention textuelle trouvée dans les CCN déjà téléchargés,"A rechercher individuellement si prioritaire, sinon considérer comme définitivement introuvable"
2535,introuvable_non_resolu,,Aucune correspondance DARES ni mention textuelle trouvée dans les CCN déjà téléchargés,"A rechercher individuellement si prioritaire, sinon considérer comme définitivement introuvable"
2537,introuvable_non_resolu,,Aucune correspondance DARES ni mention textuelle trouvée dans les CCN déjà téléchargés,"A rechercher individuellement si prioritaire, sinon considérer comme définitivement introuvable"
2631,introuvable_non_resolu,,Aucune correspondance DARES ni mention textuelle trouvée dans les CCN déjà téléchargés,"A rechercher individuellement si prioritaire, sinon considérer comme définitivement introuvable"
2668,introuvable_non_resolu,,Aucune correspondance DARES ni mention textuelle trouvée dans les CCN déjà téléchargés,"A rechercher individuellement si prioritaire, sinon considérer comme définitivement introuvable"
2766,introuvable_non_resolu,,Aucune correspondance DARES ni mention textuelle trouvée dans les CCN déjà téléchargés,"A rechercher individuellement si prioritaire, sinon considérer comme définitivement introuvable"
2768,introuvable_non_resolu,,Aucune correspondance DARES ni mention textuelle trouvée dans les CCN déjà téléchargés,"A rechercher individuellement si prioritaire, sinon considérer comme définitivement introuvable"
2870,introuvable_non_resolu,,Aucune correspondance DARES ni mention textuelle trouvée dans les CCN déjà téléchargés,"A rechercher individuellement si prioritaire, sinon considérer comme définitivement introuvable"
2964,introuvable_non_resolu,,Aucune correspondance DARES ni mention textuelle trouvée dans les CCN déjà téléchargés,"A rechercher individuellement si prioritaire, sinon considérer comme définitivement introuvable"
2978,introuvable_non_resolu,,Aucune correspondance DARES ni mention textuelle trouvée dans les CCN déjà téléchargés,"A rechercher individuellement si prioritaire, sinon considérer comme définitivement introuvable"
3028,introuvable_non_resolu,,Aucune correspondance DARES ni mention textuelle trouvée dans les CCN déjà téléchargés,"A rechercher individuellement si prioritaire, sinon considérer comme définitivement introuvable"
3082,introuvable_non_resolu,,Aucune correspondance DARES ni mention textuelle trouvée dans les CCN déjà téléchargés,"A rechercher individuellement si prioritaire, sinon considérer comme définitivement introuvable"
3128,introuvable_non_resolu,,Aucune correspondance DARES ni mention textuelle trouvée dans les CCN déjà téléchargés,"A rechercher individuellement si prioritaire, sinon considérer comme définitivement introuvable"
3139,introuvable_non_resolu,,Aucune correspondance DARES ni mention textuelle trouvée dans les CCN déjà téléchargés,"A rechercher individuellement si prioritaire, sinon considérer comme définitivement introuvable"
3140,introuvable_non_resolu,,Aucune correspondance DARES ni mention textuelle trouvée dans les CCN déjà téléchargés,"A rechercher individuellement si prioritaire, sinon considérer comme définitivement introuvable"
3186,introuvable_non_resolu,,Aucune correspondance DARES ni mention textuelle trouvée dans les CCN déjà téléchargés,"A rechercher individuellement si prioritaire, sinon considérer comme définitivement introuvable"
3204,introuvable_non_resolu,,Aucune correspondance DARES ni mention textuelle trouvée dans les CCN déjà téléchargés,"A rechercher individuellement si prioritaire, sinon considérer comme définitivement introuvable"
3206,introuvable_non_resolu,,Aucune correspondance DARES ni mention textuelle trouvée dans les CCN déjà téléchargés,"A rechercher individuellement si prioritaire, sinon considérer comme définitivement introuvable"
3207,introuvable_non_resolu,,Aucune correspondance DARES ni mention textuelle trouvée dans les CCN déjà téléchargés,"A rechercher individuellement si prioritaire, sinon considérer comme définitivement introuvable"
3235,introuvable_non_resolu,,Aucune correspondance DARES ni mention textuelle trouvée dans les CCN déjà téléchargés,"A rechercher individuellement si prioritaire, sinon considérer comme définitivement introuvable"
3257,introuvable_non_resolu,,Aucune correspondance DARES ni mention textuelle trouvée dans les CCN déjà téléchargés,"A rechercher individuellement si prioritaire, sinon considérer comme définitivement introuvable"
3326,introuvable_non_resolu,,Aucune correspondance DARES ni mention textuelle trouvée dans les CCN déjà téléchargés,"A rechercher individuellement si prioritaire, sinon considérer comme définitivement introuvable"
3381,introuvable_non_resolu,,Aucune correspondance DARES ni mention textuelle trouvée dans les CCN déjà téléchargés,"A rechercher individuellement si prioritaire, sinon considérer comme définitivement introuvable"
4890,introuvable_non_resolu,,Aucune correspondance DARES ni mention textuelle trouvée dans les CCN déjà téléchargés,"A rechercher individuellement si prioritaire, sinon considérer comme définitivement introuvable"
5001,introuvable_non_resolu,,Aucune correspondance DARES ni mention textuelle trouvée dans les CCN déjà téléchargés,"A rechercher individuellement si prioritaire, sinon considérer comme définitivement introuvable"
5021,introuvable_non_resolu,,Aucune correspondance DARES ni mention textuelle trouvée dans les CCN déjà téléchargés,"A rechercher individuellement si prioritaire, sinon considérer comme définitivement introuvable"
5521,introuvable_non_resolu,,Aucune correspondance DARES ni mention textuelle trouvée dans les CCN déjà téléchargés,"A rechercher individuellement si prioritaire, sinon considérer comme définitivement introuvable"
5554,introuvable_non_resolu,,Aucune correspondance DARES ni mention textuelle trouvée dans les CCN déjà téléchargés,"A rechercher individuellement si prioritaire, sinon considérer comme définitivement introuvable"
5555,introuvable_non_resolu,,Aucune correspondance DARES ni mention textuelle trouvée dans les CCN déjà téléchargés,"A rechercher individuellement si prioritaire, sinon considérer comme définitivement introuvable"
5619,introuvable_non_resolu,,Aucune correspondance DARES ni mention textuelle trouvée dans les CCN déjà téléchargés,"A rechercher individuellement si prioritaire, sinon considérer comme définitivement introuvable"
5730,introuvable_non_resolu,,Aucune correspondance DARES ni mention textuelle trouvée dans les CCN déjà téléchargés,"A rechercher individuellement si prioritaire, sinon considérer comme définitivement introuvable"
7020,introuvable_non_resolu,,Aucune correspondance DARES ni mention textuelle trouvée dans les CCN déjà téléchargés,"A rechercher individuellement si prioritaire, sinon considérer comme définitivement introuvable"
7501,introuvable_non_resolu,,Aucune correspondance DARES ni mention textuelle trouvée dans les CCN déjà téléchargés,"A rechercher individuellement si prioritaire, sinon considérer comme définitivement introuvable"
7502,introuvable_non_resolu,,Aucune correspondance DARES ni mention textuelle trouvée dans les CCN déjà téléchargés,"A rechercher individuellement si prioritaire, sinon considérer comme définitivement introuvable"
7503,introuvable_non_resolu,,Aucune correspondance DARES ni mention textuelle trouvée dans les CCN déjà téléchargés,"A rechercher individuellement si prioritaire, sinon considérer comme définitivement introuvable"
7508,introuvable_non_resolu,,Aucune correspondance DARES ni mention textuelle trouvée dans les CCN déjà téléchargés,"A rechercher individuellement si prioritaire, sinon considérer comme définitivement introuvable"
7511,introuvable_non_resolu,,Aucune correspondance DARES ni mention textuelle trouvée dans les CCN déjà téléchargés,"A rechercher individuellement si prioritaire, sinon considérer comme définitivement introuvable"
7513,introuvable_non_resolu,,Aucune correspondance DARES ni mention textuelle trouvée dans les CCN déjà téléchargés,"A rechercher individuellement si prioritaire, sinon considérer comme définitivement introuvable"
7514,introuvable_non_resolu,,Aucune correspondance DARES ni mention textuelle trouvée dans les CCN déjà téléchargés,"A rechercher individuellement si prioritaire, sinon considérer comme définitivement introuvable"
8112,introuvable_non_resolu,,Aucune correspondance DARES ni mention textuelle trouvée dans les CCN déjà téléchargés,"A rechercher individuellement si prioritaire, sinon considérer comme définitivement introuvable"
8113,introuvable_non_resolu,,Aucune correspondance DARES ni mention textuelle trouvée dans les CCN déjà téléchargés,"A rechercher individuellement si prioritaire, sinon considérer comme définitivement introuvable"
8114,introuvable_non_resolu,,Aucune correspondance DARES ni mention textuelle trouvée dans les CCN déjà téléchargés,"A rechercher individuellement si prioritaire, sinon considérer comme définitivement introuvable"
8115,introuvable_non_resolu,,Aucune correspondance DARES ni mention textuelle trouvée dans les CCN déjà téléchargés,"A rechercher individuellement si prioritaire, sinon considérer comme définitivement introuvable"
8116,introuvable_non_resolu,,Aucune correspondance DARES ni mention textuelle trouvée dans les CCN déjà téléchargés,"A rechercher individuellement si prioritaire, sinon considérer comme définitivement introuvable"
8117,introuvable_non_resolu,,Aucune correspondance DARES ni mention textuelle trouvée dans les CCN déjà téléchargés,"A rechercher individuellement si prioritaire, sinon considérer comme définitivement introuvable"
8211,introuvable_non_resolu,,Aucune correspondance DARES ni mention textuelle trouvée dans les CCN déjà téléchargés,"A rechercher individuellement si prioritaire, sinon considérer comme définitivement introuvable"
8212,introuvable_non_resolu,,Aucune correspondance DARES ni mention textuelle trouvée dans les CCN déjà téléchargés,"A rechercher individuellement si prioritaire, sinon considérer comme définitivement introuvable"
8214,introuvable_non_resolu,,Aucune correspondance DARES ni mention textuelle trouvée dans les CCN déjà téléchargés,"A rechercher individuellement si prioritaire, sinon considérer comme définitivement introuvable"
8231,introuvable_non_resolu,,Aucune correspondance DARES ni mention textuelle trouvée dans les CCN déjà téléchargés,"A rechercher individuellement si prioritaire, sinon considérer comme définitivement introuvable"
8234,introuvable_non_resolu,,Aucune correspondance DARES ni mention textuelle trouvée dans les CCN déjà téléchargés,"A rechercher individuellement si prioritaire, sinon considérer comme définitivement introuvable"
8241,introuvable_non_resolu,,Aucune correspondance DARES ni mention textuelle trouvée dans les CCN déjà téléchargés,"A rechercher individuellement si prioritaire, sinon considérer comme définitivement introuvable"
8243,introuvable_non_resolu,,Aucune correspondance DARES ni mention textuelle trouvée dans les CCN déjà téléchargés,"A rechercher individuellement si prioritaire, sinon considérer comme définitivement introuvable"
8244,introuvable_non_resolu,,Aucune correspondance DARES ni mention textuelle trouvée dans les CCN déjà téléchargés,"A rechercher individuellement si prioritaire, sinon considérer comme définitivement introuvable"
8251,introuvable_non_resolu,,Aucune correspondance DARES ni mention textuelle trouvée dans les CCN déjà téléchargés,"A rechercher individuellement si prioritaire, sinon considérer comme définitivement introuvable"
8311,introuvable_non_resolu,,Aucune correspondance DARES ni mention textuelle trouvée dans les CCN déjà téléchargés,"A rechercher individuellement si prioritaire, sinon considérer comme définitivement introuvable"
8412,introuvable_non_resolu,,Aucune correspondance DARES ni mention textuelle trouvée dans les CCN déjà téléchargés,"A rechercher individuellement si prioritaire, sinon considérer comme définitivement introuvable"
8421,introuvable_non_resolu,,Aucune correspondance DARES ni mention textuelle trouvée dans les CCN déjà téléchargés,"A rechercher individuellement si prioritaire, sinon considérer comme définitivement introuvable"
8422,introuvable_non_resolu,,Aucune correspondance DARES ni mention textuelle trouvée dans les CCN déjà téléchargés,"A rechercher individuellement si prioritaire, sinon considérer comme définitivement introuvable"
8431,introuvable_non_resolu,,Aucune correspondance DARES ni mention textuelle trouvée dans les CCN déjà téléchargés,"A rechercher individuellement si prioritaire, sinon considérer comme définitivement introuvable"
8432,introuvable_non_resolu,,Aucune correspondance DARES ni mention textuelle trouvée dans les CCN déjà téléchargés,"A rechercher individuellement si prioritaire, sinon considérer comme définitivement introuvable"
8522,introuvable_non_resolu,,Aucune correspondance DARES ni mention textuelle trouvée dans les CCN déjà téléchargés,"A rechercher individuellement si prioritaire, sinon considérer comme définitivement introuvable"
8535,introuvable_non_resolu,,Aucune correspondance DARES ni mention textuelle trouvée dans les CCN déjà téléchargés,"A rechercher individuellement si prioritaire, sinon considérer comme définitivement introuvable"
8541,introuvable_non_resolu,,Aucune correspondance DARES ni mention textuelle trouvée dans les CCN déjà téléchargés,"A rechercher individuellement si prioritaire, sinon considérer comme définitivement introuvable"
8542,introuvable_non_resolu,,Aucune correspondance DARES ni mention textuelle trouvée dans les CCN déjà téléchargés,"A rechercher individuellement si prioritaire, sinon considérer comme définitivement introuvable"
8721,introuvable_non_resolu,,Aucune correspondance DARES ni mention textuelle trouvée dans les CCN déjà téléchargés,"A rechercher individuellement si prioritaire, sinon considérer comme définitivement introuvable"
8722,introuvable_non_resolu,,Aucune correspondance DARES ni mention textuelle trouvée dans les CCN déjà téléchargés,"A rechercher individuellement si prioritaire, sinon considérer comme définitivement introuvable"
8723,introuvable_non_resolu,,Aucune correspondance DARES ni mention textuelle trouvée dans les CCN déjà téléchargés,"A rechercher individuellement si prioritaire, sinon considérer comme définitivement introuvable"
8731,introuvable_non_resolu,,Aucune correspondance DARES ni mention textuelle trouvée dans les CCN déjà téléchargés,"A rechercher individuellement si prioritaire, sinon considérer comme définitivement introuvable"
8733,introuvable_non_resolu,,Aucune correspondance DARES ni mention textuelle trouvée dans les CCN déjà téléchargés,"A rechercher individuellement si prioritaire, sinon considérer comme définitivement introuvable"
8734,introuvable_non_resolu,,Aucune correspondance DARES ni mention textuelle trouvée dans les CCN déjà téléchargés,"A rechercher individuellement si prioritaire, sinon considérer comme définitivement introuvable"
8741,introuvable_non_resolu,,Aucune correspondance DARES ni mention textuelle trouvée dans les CCN déjà téléchargés,"A rechercher individuellement si prioritaire, sinon considérer comme définitivement introuvable"
8821,introuvable_non_resolu,,Aucune correspondance DARES ni mention textuelle trouvée dans les CCN déjà téléchargés,"A rechercher individuellement si prioritaire, sinon considérer comme définitivement introuvable"
8822,introuvable_non_resolu,,Aucune correspondance DARES ni mention textuelle trouvée dans les CCN déjà téléchargés,"A rechercher individuellement si prioritaire, sinon considérer comme définitivement introuvable"
8825,introuvable_non_resolu,,Aucune correspondance DARES ni mention textuelle trouvée dans les CCN déjà téléchargés,"A rechercher individuellement si prioritaire, sinon considérer comme définitivement introuvable"
8831,introuvable_non_resolu,,Aucune correspondance DARES ni mention textuelle trouvée dans les CCN déjà téléchargés,"A rechercher individuellement si prioritaire, sinon considérer comme définitivement introuvable"
8912,introuvable_non_resolu,,Aucune correspondance DARES ni mention textuelle trouvée dans les CCN déjà téléchargés,"A rechercher individuellement si prioritaire, sinon considérer comme définitivement introuvable"
16110,introuvable_non_resolu,,Aucune correspondance DARES ni mention textuelle trouvée dans les CCN déjà téléchargés,"A rechercher individuellement si prioritaire, sinon considérer comme définitivement introuvable"
21200,introuvable_non_resolu,,Aucune correspondance DARES ni mention textuelle trouvée dans les CCN déjà téléchargés,"A rechercher individuellement si prioritaire, sinon considérer comme définitivement introuvable"
25960,introuvable_non_resolu,,Aucune correspondance DARES ni mention textuelle trouvée dans les CCN déjà téléchargés,"A rechercher individuellement si prioritaire, sinon considérer comme définitivement introuvable"
30900,introuvable_non_resolu,,Aucune correspondance DARES ni mention textuelle trouvée dans les CCN déjà téléchargés,"A rechercher individuellement si prioritaire, sinon considérer comme définitivement introuvable"
83,renumerotation_confirmee_dares,3222,DARES officiel: Convention collective nationale des menuiseries charpentes et constructions indu,"Renommer 83 -> 3222 dans ccn-data.json si contenu compatible, sinon fusionner/vérifier"
216,renumerotation_confirmee_dares,1369,DARES officiel: Convention collective des mensuels des industries métallurgiques de Saint-Nazair,"Renommer 216 -> 1369 dans ccn-data.json si contenu compatible, sinon fusionner/vérifier"
240,renumerotation_confirmee_dares,3244,DARES officiel: Convention collective nationale du personnel des greffes des tribunaux de commer,"Renommer 240 -> 3244 dans ccn-data.json si contenu compatible, sinon fusionner/vérifier"
267,renumerotation_confirmee_dares,1383,DARES officiel: Convention collective régionale de la quincaillerie commerciaux cadres employés ,"Renommer 267 -> 1383 dans ccn-data.json si contenu compatible, sinon fusionner/vérifier"
350,renumerotation_confirmee_dares,247,DARES officiel: Convention collective nationale des industries de la mode et de la chapellerie,"Renommer 350 -> 247 dans ccn-data.json si contenu compatible, sinon fusionner/vérifier"
438,renumerotation_confirmee_dares,653,DARES officiel: Convention collective nationale de travail des échelons intermédiaires des servi,"Renommer 438 -> 653 dans ccn-data.json si contenu compatible, sinon fusionner/vérifier"
506,renumerotation_confirmee_dares,3109,"DARES officiel: Convention collective nationale des fabricants, importateurs et transformateurs ","Renommer 506 -> 3109 dans ccn-data.json si contenu compatible, sinon fusionner/vérifier"
625,renumerotation_confirmee_dares,1307,DARES officiel: Convention collective nationale des cadres et agents de maitrise des services gé,"Renommer 625 -> 1307 dans ccn-data.json si contenu compatible, sinon fusionner/vérifier"
776,renumerotation_confirmee_dares,1612,DARES officiel: Convention collective nationale du personnel navigant des essais et des réceptio,"Renommer 776 -> 1612 dans ccn-data.json si contenu compatible, sinon fusionner/vérifier"
800,renumerotation_confirmee_dares,1979,DARES officiel: Convention collective nationale des hôtels,"Renommer 800 -> 1979 dans ccn-data.json si contenu compatible, sinon fusionner/vérifier"
803,renumerotation_confirmee_dares,1673,DARES officiel: Convention collective des agents de maîtrise des commerces de gros demi-gros et ,"Renommer 803 -> 1673 dans ccn-data.json si contenu compatible, sinon fusionner/vérifier"
889,renumerotation_confirmee_dares,1307,DARES officiel: Convention collective nationale des employés et techniciens des services générau,"Renommer 889 -> 1307 dans ccn-data.json si contenu compatible, sinon fusionner/vérifier"
1240,renumerotation_confirmee_dares,1517,DARES officiel: Convention collective des commerces de détail non alimentaires de Bourg-en-Bress,"Renommer 1240 -> 1517 dans ccn-data.json si contenu compatible, sinon fusionner/vérifier"
1540,renumerotation_confirmee_dares,1517,DARES officiel: Convention collective départementale des commerces de détail non alimentaires de,"Renommer 1540 -> 1517 dans ccn-data.json si contenu compatible, sinon fusionner/vérifier"
1564,renumerotation_confirmee_dares,3248,DARES officiel: Convention collective des industries de la métallurgie de Saône-et-Loire,"Renommer 1564 -> 3248 dans ccn-data.json si contenu compatible, sinon fusionner/vérifier"
1592,renumerotation_confirmee_dares,3248,DARES officiel: Convention collective de la métallurgie du Valenciennois et du Cambrésis,"Renommer 1592 -> 3248 dans ccn-data.json si contenu compatible, sinon fusionner/vérifier"
1598,renumerotation_confirmee_dares,2543,DARES officiel: Convention collective nationale des cabinets ou entreprises de géomètres experts,"Renommer 1598 -> 2543 dans ccn-data.json si contenu compatible, sinon fusionner/vérifier"
1604,renumerotation_confirmee_dares,3248,DARES officiel: Convention collective des industries métallurgiques des arrondissements de Rouen,"Renommer 1604 -> 3248 dans ccn-data.json si contenu compatible, sinon fusionner/vérifier"
1673,renumerotation_confirmee_dares,1383,"DARES officiel: Convention collective des commerces de la quincaillerie, des fers, métaux, et co","Renommer 1673 -> 1383 dans ccn-data.json si contenu compatible, sinon fusionner/vérifier"
1678,renumerotation_confirmee_dares,1909,DARES officiel: Convention collective nationale des organismes de tourisme à caractère non lucra,"Renommer 1678 -> 1909 dans ccn-data.json si contenu compatible, sinon fusionner/vérifier"
1692,renumerotation_confirmee_dares,1772,DARES officiel: Convention collective nationale de l'édition,"Renommer 1692 -> 1772 dans ccn-data.json si contenu compatible, sinon fusionner/vérifier"
1730,renumerotation_confirmee_dares,1763,DARES officiel: Manutention portuaire Marseille Fos OAM,"Renommer 1730 -> 1763 dans ccn-data.json si contenu compatible, sinon fusionner/vérifier"
1750,renumerotation_confirmee_dares,3017,DARES officiel: Convention collective des employés des services auxiliaires de la manutention de,"Renommer 1750 -> 3017 dans ccn-data.json si contenu compatible, sinon fusionner/vérifier"
1751,renumerotation_confirmee_dares,3017,DARES officiel: Convention collective des cadres des services auxiliaires de la manutention des ,"Renommer 1751 -> 3017 dans ccn-data.json si contenu compatible, sinon fusionner/vérifier"
1758,renumerotation_confirmee_dares,1596,DARES officiel: Convention collective du bâtiment du département du Tarn concernant les ouvriers,"Renommer 1758 -> 1596 dans ccn-data.json si contenu compatible, sinon fusionner/vérifier"
1759,renumerotation_confirmee_dares,1597,DARES officiel: Convention collective du bâtiment du département du Tarn concernant les ouvriers,"Renommer 1759 -> 1597 dans ccn-data.json si contenu compatible, sinon fusionner/vérifier"
1765,renumerotation_confirmee_dares,1821,DARES officiel: Convention collective nationale de la fabrication du verre à la main,"Renommer 1765 -> 1821 dans ccn-data.json si contenu compatible, sinon fusionner/vérifier"
1771,renumerotation_confirmee_dares,1813,DARES officiel: Convention collective de travail des industries de la transformation des métaux ,"Renommer 1771 -> 1813 dans ccn-data.json si contenu compatible, sinon fusionner/vérifier"
1775,renumerotation_confirmee_dares,2264,DARES officiel: Convention collective nationale de travail des établissements et services prives,"Renommer 1775 -> 2264 dans ccn-data.json si contenu compatible, sinon fusionner/vérifier"
1779,renumerotation_confirmee_dares,1596,DARES officiel: Convention collective du bâtiment de la région Provence-Alpes-Côte d'azur concer,"Renommer 1779 -> 1596 dans ccn-data.json si contenu compatible, sinon fusionner/vérifier"
1780,renumerotation_confirmee_dares,1597,DARES officiel: Convention collective du bâtiment de la région Provence-Alpes-Côte d'azur concer,"Renommer 1780 -> 1597 dans ccn-data.json si contenu compatible, sinon fusionner/vérifier"
1870,renumerotation_confirmee_dares,2021,DARES officiel: Convention collective nationale du golf,"Renommer 1870 -> 2021 dans ccn-data.json si contenu compatible, sinon fusionner/vérifier"
1966,renumerotation_confirmee_dares,3248,DARES officiel: Convention collective des industries métallurgiques du Loiret,"Renommer 1966 -> 3248 dans ccn-data.json si contenu compatible, sinon fusionner/vérifier"
1985,renumerotation_confirmee_dares,2060,DARES officiel: Convention collective nationale des cafétérias et assimilés,"Renommer 1985 -> 2060 dans ccn-data.json si contenu compatible, sinon fusionner/vérifier"
2070,renumerotation_confirmee_dares,5025,DARES officiel: Convention collective relative au statut des personnels des organismes de dévelo,"Renommer 2070 -> 5025 dans ccn-data.json si contenu compatible, sinon fusionner/vérifier"
2582,renumerotation_confirmee_dares,1702,DARES officiel: Convention collective des ouvriers des travaux public de la Savoie,"Renommer 2582 -> 1702 dans ccn-data.json si contenu compatible, sinon fusionner/vérifier"
2615,renumerotation_confirmee_dares,3248,DARES officiel: Convention collective de la métallurgie des Pyrénées-Atlantiques et du Seignanx,"Renommer 2615 -> 3248 dans ccn-data.json si contenu compatible, sinon fusionner/vérifier"
7504,renumerotation_confirmee_dares,7021,DARES officiel: Centres d'insémination artificielle animale,"Renommer 7504 -> 7021 dans ccn-data.json si contenu compatible, sinon fusionner/vérifier"
7505,renumerotation_confirmee_dares,7520,DARES officiel: Convention collective nationale du personnel de formation de l'enseignement priv,"Renommer 7505 -> 7520 dans ccn-data.json si contenu compatible, sinon fusionner/vérifier"
7506,renumerotation_confirmee_dares,7520,DARES officiel: Convention collective nationale du personnel de la vie scolaire de l'enseignemen,"Renommer 7506 -> 7520 dans ccn-data.json si contenu compatible, sinon fusionner/vérifier"
7507,renumerotation_confirmee_dares,7520,DARES officiel: Convention collective nationale du personnel administratif technique de l'enseig,"Renommer 7507 -> 7520 dans ccn-data.json si contenu compatible, sinon fusionner/vérifier"
7509,renumerotation_confirmee_dares,7520,DARES officiel: Convention collective nationale des organismes de formation et de promotion agri,"Renommer 7509 -> 7520 dans ccn-data.json si contenu compatible, sinon fusionner/vérifier"
7512,renumerotation_confirmee_dares,7020,DARES officiel: Centres d'économie rurale,"Renommer 7512 -> 7020 dans ccn-data.json si contenu compatible, sinon fusionner/vérifier"
